1-24471d,LinJ.03,100.000,16,660,389660,0,0,447,462,125268,125253,0.28,30.7,minus,GTGTGTGTATGTGGGT
1-24471d,LinJ.02,100.000,16,660,356299,0,0,449,464,21275,21290,0.28,30.7,plus,GTGTGTATGTGGGTGT
1-24471d,LinJ.02,100.000,15,660,356299,0,0,392,406,208630,208644,1.0,28.8,plus,GGAGGAGGTGGGGGG
1-24471d,LinJ.02,100.000,15,660,356299,0,0,480,494,216037,216051,1.0,28.8,plus,AGGAGCCGTGCTGCG
1-24471d,LinJ.02,100.000,15,660,356299,0,0,517,531,258604,258590,1.0,28.8,minus,GCAGCGCGCGTGTGT
1-24471d,LinJ.02,100.000,15,660,356299,0,0,95,109,268263,268277,1.0,28.8,plus,CGGCAGCCCCCTCAC
1-24471d,LinJ.02,100.000,15,660,356299,0,0,503,517,352183,352169,1.0,28.8,minus,GCCGGCGCACTGCTG
1-36305r,LinJ.03,92.593,27,621,389660,2,0,439,465,161757,161783,4.37e-04,39.9,plus,TGCGGCGATGTGTGTGTGTGTGTGTGT
1-36305r,LinJ.03,100.000,16,621,389660,0,0,448,463,125268,125253,0.26,30.7,minus,GTGTGTGTATGTGGGT
1-36305r,LinJ.02,100.000,16,621,356299,0,0,450,465,21275,21290,0.26,30.7,plus,GTGTGTATGTGGGTGT
1-36305r,LinJ.02,100.000,16,621,356299,0,0,392,407,208629,208644,0.26,30.7,plus,TGGAGGAGGTGGGGGG
1-36305r,LinJ.02,100.000,15,621,356299,0,0,481,495,216037,216051,0.95,28.8,plus,AGGAGCCGTGCTGCG
1-36305r,LinJ.02,100.000,15,621,356299,0,0,518,532,258604,258590,0.95,28.8,minus,GCAGCGCGCGTGTGT
1-36305r,LinJ.02,100.000,15,621,356299,0,0,96,110,268263,268277,0.95,28.8,plus,CGGCAGCCCCCTCAC
1-36305r,LinJ.02,100.000,15,621,356299,0,0,504,518,352183,352169,0.95,28.8,minus,GCCGGCGCACTGCTG
1-55910r,LinJ.03,100.000,16,650,389660,0,0,437,452,125268,125253,0.28,30.7,minus,GTGTGTGTATGTGGGT
1-55910r,LinJ.02,100.000,16,650,356299,0,0,439,454,21275,21290,0.28,30.7,plus,GTGTGTATGTGGGTGT
1-55910r,LinJ.02,100.000,15,650,356299,0,0,382,396,208630,208644,0.99,28.8,plus,GGAGGAGGTGGGGGG
1-55910r,LinJ.02,100.000,15,650,356299,0,0,507,521,258604,258590,0.99,28.8,minus,GCAGCGCGCGTGTGT
1-55910r,LinJ.02,100.000,15,650,356299,0,0,85,99,268263,268277,0.99,28.8,plus,CGGCAGCCCCCTCAC
1-55910r,LinJ.02,100.000,15,650,356299,0,0,493,507,352183,352169,0.99,28.8,minus,GCCGGCGCACTGCTG
1-129494r,LinJ.02,87.500,40,447,356299,3,2,289,328,16693,16730,6.67e-06,45.4,plus,TTGCGCCATCCATATGATGGGCA-A-CGCGCCAGCGCGGC
1-129494r,LinJ.02,87.500,40,447,356299,3,2,289,328,27504,27541,6.67e-06,45.4,plus,TTGCGCCATCCATATGATGGGCA-A-CGCGCCAGCGCGGC
1-129494r,LinJ.02,87.500,40,447,356299,3,2,289,328,89975,89938,6.67e-06,45.4,minus,TTGCGCCATCCATATGATGGGCA-A-CGCGCCAGCGCGGC
1-129494r,LinJ.02,87.500,40,447,356299,3,2,289,328,103410,103373,6.67e-06,45.4,minus,TTGCGCCATCCATATGATGGGCA-A-CGCGCCAGCGCGGC
1-129494r,LinJ.02,95.000,20,447,356299,0,1,417,436,201962,201944,0.19,30.7,minus,TCGGCGTTGGCGTGA-GGGA
1-129494r,LinJ.03,100.000,17,447,389660,0,0,4,20,345164,345148,0.052,32.5,minus,TGACGGGGCGGCGGCGC
1-136422d,LinJ.02,85.000,40,461,356299,4,2,303,342,16693,16730,3.21e-04,39.9,plus,TTGCGCCATCCATATGATGGGCA-A-CGCGCCAGCGCGGC
1-136422d,LinJ.02,85.000,40,461,356299,4,2,303,342,27504,27541,3.21e-04,39.9,plus,TTGCGCCATCCATATGATGGGCA-A-CGCGCCAGCGCGGC
1-136422d,LinJ.02,85.000,40,461,356299,4,2,303,342,89975,89938,3.21e-04,39.9,minus,TTGCGCCATCCATATGATGGGCA-A-CGCGCCAGCGCGGC
1-136422d,LinJ.02,85.000,40,461,356299,4,2,303,342,103410,103373,3.21e-04,39.9,minus,TTGCGCCATCCATATGATGGGCA-A-CGCGCCAGCGCGGC
1-136422d,LinJ.02,95.000,20,461,356299,0,1,431,450,201962,201944,0.19,30.7,minus,TCGGCGTTGGCGTGA-GGGA
1-136422d,LinJ.03,100.000,15,461,389660,0,0,2,16,370008,370022,0.69,28.8,plus,GACGACGGGGTGGGG
1-204526d,LinJ.02,85.000,40,432,356299,4,2,275,314,16693,16730,3.00e-04,39.9,plus,TTGCGCCATCCATATGATGGGCA-A-CGCGCCAGCGCGGC
1-204526d,LinJ.02,85.000,40,432,356299,4,2,275,314,27504,27541,3.00e-04,39.9,plus,TTGCGCCATCCATATGATGGGCA-A-CGCGCCAGCGCGGC
1-204526d,LinJ.02,85.000,40,432,356299,4,2,275,314,89975,89938,3.00e-04,39.9,minus,TTGCGCCATCCATATGATGGGCA-A-CGCGCCAGCGCGGC
1-204526d,LinJ.02,85.000,40,432,356299,4,2,275,314,103410,103373,3.00e-04,39.9,minus,TTGCGCCATCCATATGATGGGCA-A-CGCGCCAGCGCGGC
1-204526d,LinJ.02,95.000,20,432,356299,0,1,403,422,201962,201944,0.18,30.7,minus,TCGGCGTTGGCGTGA-GGGA
