1-24471d,LinJ.02,86.667,45,660,356299,6,0,109,153,259395,259351,1.03e-07,51.0,minus,CCCTCTATCCCTTCCAACGCCGAGCCGCTTCTCGTTGTGACAGGG
1-24471d,LinJ.02,77.273,88,660,356299,16,4,473,557,314608,314694,3.70e-07,49.1,plus,TTGAGGCAGGGGCCGTGCTCTCGGATAAATGAGTGGGCTCATTG-TGCTGTAGCGCGTGTGTCTAGGGCTGCTTCGCACCTCGCGATG
1-24471d,LinJ.02,77.273,88,660,356299,16,4,473,557,344049,344135,3.70e-07,49.1,plus,TTGAGGCAGGGGCCGTGCTCTCGGATAAATGAGTGGGCTCATTG-TGCTGTAGCGCGTGTGTCTAGGGCTGCTTCGCACCTCGCGATG
1-24471d,LinJ.02,84.783,46,660,356299,7,0,109,154,269069,269024,1.33e-06,47.3,minus,CCCTCTATCCCTTCCAACACCGAGCCGCTTCTCGTTGTGACAGGGC
1-24471d,LinJ.02,79.104,67,660,356299,9,3,424,490,259168,259107,6.19e-05,41.7,minus,TGGTGGGGCGGCTGTGGGGCGGCCTGTGTGTGTGTGGGTG--G--G-GTTTGGGGCAGGGGCCTTGC
1-24471d,LinJ.02,79.104,67,660,356299,9,3,424,490,268842,268781,6.19e-05,41.7,minus,TGGTGGGGCGGCTGTGGGGCGGCCTGTGTGTGTGTGGGTG--G--G-GTTTGGGGCAGGGGCCTTGC
1-24471d,LinJ.02,89.286,28,660,356299,1,2,446,472,37864,37890,0.010,34.4,plus,TGTGTGTGTATGTGTGTGTGCG-CGCGT
1-24471d,LinJ.02,82.051,39,660,356299,7,0,194,232,259310,259272,0.010,34.4,minus,CGCCGCGGATGCCGGCGTTCGGGTCGTGAATGGCGGTGC
1-24471d,LinJ.02,86.667,30,660,356299,2,2,436,464,132430,132458,0.037,32.5,plus,TGTGTGTGTG-TGTGTGTGTATGTGTGTGT
1-24471d,LinJ.02,100.000,16,660,356299,0,0,449,464,21275,21290,0.13,30.7,plus,GTGTGTATGTGGGTGT
1-24471d,LinJ.02,82.353,34,660,356299,6,0,199,232,268979,268946,0.13,30.7,minus,CGGATGCCGGCGTTCGGGTCGTGAATGGCGGTGC
1-24471d,LinJ.02,90.909,22,660,356299,2,0,518,539,340161,340140,0.13,30.7,minus,CAGCGCGCGTGTGTGTTGCCCT
1-24471d,LinJ.02,94.444,18,660,356299,1,0,446,463,65778,65795,0.48,28.8,plus,TGTGTGTGTATGTGTGTG
1-24471d,LinJ.02,88.000,25,660,356299,1,2,436,459,122754,122777,0.48,28.8,plus,TGTGTGTGTG-TGTGTGTGTATGTG
1-24471d,LinJ.02,94.444,18,660,356299,1,0,447,464,128660,128677,0.48,28.8,plus,GTGTGTGTATGTGTGTGT
1-24471d,LinJ.02,90.476,21,660,356299,2,0,226,246,177267,177247,0.48,28.8,minus,GCGCTGCGTCCGGGCGACCCG
1-24471d,LinJ.02,100.000,15,660,356299,0,0,392,406,208628,208642,0.48,28.8,plus,GGAGGAGGTGGGGGG
1-24471d,LinJ.02,100.000,15,660,356299,0,0,480,494,216035,216049,0.48,28.8,plus,AGGAGCCGTGCTGCG
1-24471d,LinJ.02,100.000,15,660,356299,0,0,517,531,258602,258588,0.48,28.8,minus,GCAGCGCGCGTGTGT
1-24471d,LinJ.02,100.000,15,660,356299,0,0,95,109,268261,268275,0.48,28.8,plus,CGGCAGCCCCCTCAC
1-24471d,LinJ.02,100.000,15,660,356299,0,0,503,517,352182,352168,0.48,28.8,minus,GCCGGCGCACTGCTG
1-24471d,LinJ.02,90.476,21,660,356299,1,1,101,120,18361,18341,1.7,27.0,minus,CCCCCATCCCCCTCTATCCCT
1-24471d,LinJ.02,94.118,17,660,356299,1,0,172,188,59963,59947,1.7,27.0,minus,GGGCGAGGTCGGCGAGA
1-24471d,LinJ.02,94.444,18,660,356299,0,1,244,260,64889,64906,1.7,27.0,plus,CCGACGACAGTGAGCACA
1-24471d,LinJ.02,94.444,18,660,356299,0,1,449,466,86236,86220,1.7,27.0,minus,GTGTGTATGTGGGT-TCG
1-24471d,LinJ.02,94.118,17,660,356299,1,0,398,414,89743,89727,1.7,27.0,minus,GGTGCGGGGAGTGGGGA
1-24471d,LinJ.02,90.000,20,660,356299,2,0,445,464,102682,102701,1.7,27.0,plus,ATGTGTGTGTATATGTGTGT
1-24471d,LinJ.02,94.118,17,660,356299,1,0,398,414,103178,103162,1.7,27.0,minus,GGTGCGGGGAGTGGGGA
1-24471d,LinJ.02,100.000,14,660,356299,0,0,417,430,171652,171639,1.7,27.0,minus,GGCATGATGGAGGG
1-24471d,LinJ.02,94.118,17,660,356299,1,0,271,287,218478,218494,1.7,27.0,plus,GTGCATGCGATGGGCGG
1-24471d,LinJ.02,84.615,26,660,356299,4,0,442,467,310314,310289,1.7,27.0,minus,GCGGTGCGTGTGTATGTGTGTGTGGT
1-24471d,LinJ.02,94.118,17,660,356299,1,0,367,383,320722,320706,1.7,27.0,minus,CACCGCGACGGCGAGAC
1-24471d,LinJ.02,93.750,16,660,356299,1,0,288,303,11569,11584,6.2,25.1,plus,AGCGCGTCAGCGCGGC
1-24471d,LinJ.02,100.000,13,660,356299,0,0,402,414,32552,32540,6.2,25.1,minus,GGGGGAGTGGGGA
1-24471d,LinJ.02,93.750,16,660,356299,1,0,627,642,43084,43099,6.2,25.1,plus,CGGCAGCGAAAAGGGA
1-24471d,LinJ.02,93.750,16,660,356299,1,0,496,511,88631,88616,6.2,25.1,minus,CGACGGAGCCGGCGCA
1-24471d,LinJ.02,89.474,19,660,356299,2,0,446,464,89248,89266,6.2,25.1,plus,TGTGTGTGTATATGTGTGT
1-24471d,LinJ.02,93.750,16,660,356299,1,0,496,511,102032,102017,6.2,25.1,minus,CGACGGAGCCGGCGCA
1-24471d,LinJ.02,93.750,16,660,356299,1,0,449,464,122745,122760,6.2,25.1,plus,GTGTGTATGTGTGTGT
1-24471d,LinJ.02,100.000,13,660,356299,0,0,312,324,170705,170693,6.2,25.1,minus,GTCGCAGCCGGCC
1-24471d,LinJ.02,94.118,17,660,356299,0,1,352,367,231638,231622,6.2,25.1,minus,CGGCGGGCCTGAGTGTC
1-24471d,LinJ.02,100.000,13,660,356299,0,0,222,234,257388,257400,6.2,25.1,plus,CATGGCGCTGCGT
1-24471d,LinJ.02,100.000,13,660,356299,0,0,98,110,324301,324289,6.2,25.1,minus,CAGCCCCCTCACC
1-36305r,LinJ.02,78.889,90,621,356299,15,4,474,560,314608,314696,5.77e-10,58.4,plus,TTGAGGCAGGGGCCGTGCTCTCGGATAAATGAGTGGGCTCATTG-TGCTGTAGCGCGTGTGTCTAGGGCTGCTTCGCACCTCGCGATGGG
1-36305r,LinJ.02,78.889,90,621,356299,15,4,474,560,344049,344137,5.77e-10,58.4,plus,TTGAGGCAGGGGCCGTGCTCTCGGATAAATGAGTGGGCTCATTG-TGCTGTAGCGCGTGTGTCTAGGGCTGCTTCGCACCTCGCGATGGG
1-36305r,LinJ.02,86.667,45,621,356299,6,0,110,154,259395,259351,9.66e-08,51.0,minus,CCCTCTATCCCTTCCAACGCCGAGCCGCTTCTCGTTGTGACAGGG
1-36305r,LinJ.02,84.783,46,621,356299,7,0,110,155,269069,269024,1.25e-06,47.3,minus,CCCTCTATCCCTTCCAACACCGAGCCGCTTCTCGTTGTGACAGGGC
1-36305r,LinJ.02,79.104,67,621,356299,9,3,425,491,259168,259107,5.81e-05,41.7,minus,TGGTGGGGCGGCTGTGGGGCGGCCTGTGTGTGTGTGGGTG--G--G-GTTTGGGGCAGGGGCCTTGC
1-36305r,LinJ.02,79.104,67,621,356299,9,3,425,491,268842,268781,5.81e-05,41.7,minus,TGGTGGGGCGGCTGTGGGGCGGCCTGTGTGTGTGTGGGTG--G--G-GTTTGGGGCAGGGGCCTTGC
1-36305r,LinJ.02,89.286,28,621,356299,1,2,447,473,37864,37890,0.010,34.4,plus,TGTGTGTGTATGTGTGTGTGCG-CGCGT
1-36305r,LinJ.02,82.051,39,621,356299,7,0,195,233,259310,259272,0.010,34.4,minus,CGCCGCGGATGCCGGCGTTCGGGTCGTGAATGGCGGTGC
1-36305r,LinJ.02,100.000,16,621,356299,0,0,450,465,21275,21290,0.13,30.7,plus,GTGTGTATGTGGGTGT
1-36305r,LinJ.02,94.737,19,621,356299,1,0,447,465,132440,132458,0.13,30.7,plus,TGTGTGTGTATGTGTGTGT
1-36305r,LinJ.02,100.000,16,621,356299,0,0,392,407,208627,208642,0.13,30.7,plus,TGGAGGAGGTGGGGGG
1-36305r,LinJ.02,82.353,34,621,356299,6,0,200,233,268979,268946,0.13,30.7,minus,CGGATGCCGGCGTTCGGGTCGTGAATGGCGGTGC
1-36305r,LinJ.02,90.909,22,621,356299,2,0,519,540,340161,340140,0.13,30.7,minus,CAGCGCGCGTGTGTGTTGCCCT
1-36305r,LinJ.02,85.714,28,621,356299,2,2,439,464,65768,65795,0.45,28.8,plus,TGCGCGCGTGTGTGTGTGTATGTGTGTG
1-36305r,LinJ.02,94.444,18,621,356299,1,0,448,465,128660,128677,0.45,28.8,plus,GTGTGTGTATGTGTGTGT
1-36305r,LinJ.02,90.476,21,621,356299,2,0,227,247,177267,177247,0.45,28.8,minus,GCGCTGCGTCCGGGCGACCCG
1-36305r,LinJ.02,100.000,15,621,356299,0,0,481,495,216035,216049,0.45,28.8,plus,AGGAGCCGTGCTGCG
1-36305r,LinJ.02,100.000,15,621,356299,0,0,518,532,258602,258588,0.45,28.8,minus,GCAGCGCGCGTGTGT
1-36305r,LinJ.02,100.000,15,621,356299,0,0,96,110,268261,268275,0.45,28.8,plus,CGGCAGCCCCCTCAC
1-36305r,LinJ.02,100.000,15,621,356299,0,0,504,518,352182,352168,0.45,28.8,minus,GCCGGCGCACTGCTG
1-36305r,LinJ.02,90.476,21,621,356299,1,1,102,121,18361,18341,1.6,27.0,minus,CCCCCATCCCCCTCTATCCCT
1-36305r,LinJ.02,94.118,17,621,356299,1,0,173,189,59963,59947,1.6,27.0,minus,GGGCGAGGTCGGCGAGA
1-36305r,LinJ.02,94.444,18,621,356299,0,1,245,261,64889,64906,1.6,27.0,plus,CCGACGACAGTGAGCACA
1-36305r,LinJ.02,94.444,18,621,356299,0,1,450,467,86236,86220,1.6,27.0,minus,GTGTGTATGTGGGT-TCG
1-36305r,LinJ.02,94.118,17,621,356299,1,0,399,415,89743,89727,1.6,27.0,minus,GGTGCGGGGAGTGGGGA
1-36305r,LinJ.02,90.000,20,621,356299,2,0,446,465,102682,102701,1.6,27.0,plus,ATGTGTGTGTATATGTGTGT
1-36305r,LinJ.02,94.118,17,621,356299,1,0,399,415,103178,103162,1.6,27.0,minus,GGTGCGGGGAGTGGGGA
1-36305r,LinJ.02,100.000,14,621,356299,0,0,185,198,112321,112308,1.6,27.0,minus,CGCGACGTTGCGCC
1-36305r,LinJ.02,100.000,14,621,356299,0,0,447,460,122764,122777,1.6,27.0,plus,TGTGTGTGTATGTG
1-36305r,LinJ.02,87.500,24,621,356299,2,1,175,197,168579,168556,1.6,27.0,minus,GCGATGCCGTGCGCGACGTTGCGC
1-36305r,LinJ.02,100.000,14,621,356299,0,0,557,570,171849,171836,1.6,27.0,minus,TGGGAGTGGGGTGG
1-36305r,LinJ.02,94.118,17,621,356299,1,0,272,288,218478,218494,1.6,27.0,plus,GTGCATGCGATGGGCGG
1-36305r,LinJ.02,84.615,26,621,356299,4,0,443,468,310314,310289,1.6,27.0,minus,GCGGTGCGTGTGTATGTGTGTGTGGT
1-36305r,LinJ.02,94.118,17,621,356299,1,0,368,384,320722,320706,1.6,27.0,minus,CACCGCGACGGCGAGAC
1-36305r,LinJ.02,93.750,16,621,356299,1,0,289,304,11569,11584,5.9,25.1,plus,AGCGCGTCAGCGCGGC
1-36305r,LinJ.02,100.000,13,621,356299,0,0,403,415,32552,32540,5.9,25.1,minus,GGGGGAGTGGGGA
1-36305r,LinJ.02,89.474,19,621,356299,2,0,447,465,89248,89266,5.9,25.1,plus,TGTGTGTGTATATGTGTGT
1-36305r,LinJ.02,93.750,16,621,356299,1,0,450,465,122745,122760,5.9,25.1,plus,GTGTGTATGTGTGTGT
1-36305r,LinJ.02,100.000,13,621,356299,0,0,313,325,170705,170693,5.9,25.1,minus,GTCGCAGCCGGCC
1-36305r,LinJ.02,94.118,17,621,356299,0,1,353,368,231638,231622,5.9,25.1,minus,CGGCGGGCCTGAGTGTC
1-36305r,LinJ.02,100.000,13,621,356299,0,0,223,235,257388,257400,5.9,25.1,plus,CATGGCGCTGCGT
1-36305r,LinJ.02,100.000,13,621,356299,0,0,99,111,324301,324289,5.9,25.1,minus,CAGCCCCCTCACC
1-36305r,LinJ.02,100.000,13,621,356299,0,0,383,395,349956,349944,5.9,25.1,minus,ACGCACCCATGGA
1-55910r,LinJ.02,86.667,45,650,356299,6,0,99,143,259395,259351,1.01e-07,51.0,minus,CCCTCTATCCCTTCCAACGCCGAGCCGCTTCTCGTTGTGACAGGG
1-55910r,LinJ.02,77.528,89,650,356299,14,4,463,547,314608,314694,3.64e-07,49.1,plus,TTGAGGCAGGGGCCGTGCT-CTCGGATAAATGAGTGGGCTCATTG-TGCTGTAGCGCGTGTGTCTAGGGCTGCTTCGCACCTCGCGATG
1-55910r,LinJ.02,77.528,89,650,356299,14,4,463,547,344049,344135,3.64e-07,49.1,plus,TTGAGGCAGGGGCCGTGCT-CTCGGATAAATGAGTGGGCTCATTG-TGCTGTAGCGCGTGTGTCTAGGGCTGCTTCGCACCTCGCGATG
1-55910r,LinJ.02,84.783,46,650,356299,7,0,99,144,269069,269024,1.31e-06,47.3,minus,CCCTCTATCCCTTCCAACACCGAGCCGCTTCTCGTTGTGACAGGGC
1-55910r,LinJ.02,79.104,67,650,356299,9,3,414,480,259168,259107,6.09e-05,41.7,minus,TGGTGGGGCGGCTGTGGGGCGGCCTGTGTGTGTGTGGGTG--G--G-GTTTGGGGCAGGGGCCTTGC
1-55910r,LinJ.02,79.104,67,650,356299,9,3,414,480,268842,268781,6.09e-05,41.7,minus,TGGTGGGGCGGCTGTGGGGCGGCCTGTGTGTGTGTGGGTG--G--G-GTTTGGGGCAGGGGCCTTGC
1-55910r,LinJ.02,89.286,28,650,356299,1,2,436,462,37864,37890,0.010,34.4,plus,TGTGTGTGTATGTGTGTGTGCG-CGCGT
1-55910r,LinJ.02,82.051,39,650,356299,7,0,184,222,259310,259272,0.010,34.4,minus,CGCCGCGGATGCCGGCGTTCGGGTCGTGAATGGCGGTGC
1-55910r,LinJ.02,86.667,30,650,356299,2,2,426,454,132430,132458,0.037,32.5,plus,TGTGTGTGTG-TGTGTGTGTATGTGTGTGT
1-55910r,LinJ.02,100.000,16,650,356299,0,0,439,454,21275,21290,0.13,30.7,plus,GTGTGTATGTGGGTGT
1-55910r,LinJ.02,82.353,34,650,356299,6,0,189,222,268979,268946,0.13,30.7,minus,CGGATGCCGGCGTTCGGGTCGTGAATGGCGGTGC
1-55910r,LinJ.02,90.909,22,650,356299,2,0,508,529,340161,340140,0.13,30.7,minus,CAGCGCGCGTGTGTGTTGCCCT
1-55910r,LinJ.02,94.444,18,650,356299,1,0,436,453,65778,65795,0.47,28.8,plus,TGTGTGTGTATGTGTGTG
1-55910r,LinJ.02,88.000,25,650,356299,1,2,426,449,122754,122777,0.47,28.8,plus,TGTGTGTGTG-TGTGTGTGTATGTG
1-55910r,LinJ.02,94.444,18,650,356299,1,0,437,454,128660,128677,0.47,28.8,plus,GTGTGTGTATGTGTGTGT
1-55910r,LinJ.02,90.476,21,650,356299,2,0,216,236,177267,177247,0.47,28.8,minus,GCGCTGCGTCCGGGCGACCCG
1-55910r,LinJ.02,100.000,15,650,356299,0,0,382,396,208628,208642,0.47,28.8,plus,GGAGGAGGTGGGGGG
1-55910r,LinJ.02,100.000,15,650,356299,0,0,507,521,258602,258588,0.47,28.8,minus,GCAGCGCGCGTGTGT
1-55910r,LinJ.02,100.000,15,650,356299,0,0,85,99,268261,268275,0.47,28.8,plus,CGGCAGCCCCCTCAC
1-55910r,LinJ.02,100.000,15,650,356299,0,0,493,507,352182,352168,0.47,28.8,minus,GCCGGCGCACTGCTG
1-55910r,LinJ.02,90.476,21,650,356299,1,1,91,110,18361,18341,1.7,27.0,minus,CCCCCATCCCCCTCTATCCCT
1-55910r,LinJ.02,94.118,17,650,356299,1,0,162,178,59963,59947,1.7,27.0,minus,GGGCGAGGTCGGCGAGA
1-55910r,LinJ.02,94.444,18,650,356299,0,1,234,250,64889,64906,1.7,27.0,plus,CCGACGACAGTGAGCACA
1-55910r,LinJ.02,94.444,18,650,356299,0,1,439,456,86236,86220,1.7,27.0,minus,GTGTGTATGTGGGT-TCG
1-55910r,LinJ.02,94.118,17,650,356299,1,0,388,404,89743,89727,1.7,27.0,minus,GGTGCGGGGAGTGGGGA
1-55910r,LinJ.02,90.000,20,650,356299,2,0,435,454,102682,102701,1.7,27.0,plus,ATGTGTGTGTATATGTGTGT
1-55910r,LinJ.02,94.118,17,650,356299,1,0,388,404,103178,103162,1.7,27.0,minus,GGTGCGGGGAGTGGGGA
1-55910r,LinJ.02,100.000,14,650,356299,0,0,407,420,171652,171639,1.7,27.0,minus,GGCATGATGGAGGG
1-55910r,LinJ.02,100.000,14,650,356299,0,0,470,483,216035,216048,1.7,27.0,plus,AGGAGCCGTGCTGC
1-55910r,LinJ.02,94.118,17,650,356299,1,0,261,277,218478,218494,1.7,27.0,plus,GTGCATGCGATGGGCGG
1-55910r,LinJ.02,84.615,26,650,356299,4,0,432,457,310314,310289,1.7,27.0,minus,GCGGTGCGTGTGTATGTGTGTGTGGT
1-55910r,LinJ.02,94.118,17,650,356299,1,0,357,373,320722,320706,1.7,27.0,minus,CACCGCGACGGCGAGAC
1-55910r,LinJ.02,93.750,16,650,356299,1,0,278,293,11569,11584,6.1,25.1,plus,AGCGCGTCAGCGCGGC
1-55910r,LinJ.02,100.000,13,650,356299,0,0,392,404,32552,32540,6.1,25.1,minus,GGGGGAGTGGGGA
1-55910r,LinJ.02,93.750,16,650,356299,1,0,617,632,43084,43099,6.1,25.1,plus,CGGCAGCGAAAAGGGA
1-55910r,LinJ.02,89.474,19,650,356299,2,0,436,454,89248,89266,6.1,25.1,plus,TGTGTGTGTATATGTGTGT
1-55910r,LinJ.02,93.750,16,650,356299,1,0,439,454,122745,122760,6.1,25.1,plus,GTGTGTATGTGTGTGT
1-55910r,LinJ.02,100.000,13,650,356299,0,0,302,314,170705,170693,6.1,25.1,minus,GTCGCAGCCGGCC
1-55910r,LinJ.02,94.118,17,650,356299,0,1,342,357,231638,231622,6.1,25.1,minus,CGGCGGGCCTGAGTGTC
1-55910r,LinJ.02,100.000,13,650,356299,0,0,212,224,257388,257400,6.1,25.1,plus,CATGGCGCTGCGT
1-55910r,LinJ.02,100.000,13,650,356299,0,0,88,100,324301,324289,6.1,25.1,minus,CAGCCCCCTCACC
1-112979r,LinJ.02,94.444,18,259,356299,1,0,126,143,166314,166331,0.18,28.8,plus,CCTCCGCCGTCCCTGCCC
1-112979r,LinJ.02,100.000,13,259,356299,0,0,122,134,122949,122937,2.3,25.1,minus,CCTCCCTCCGCCG
1-112979r,LinJ.02,100.000,13,259,356299,0,0,6,18,141590,141578,2.3,25.1,minus,GAGGCGGCGGCGC
1-112979r,LinJ.02,100.000,13,259,356299,0,0,156,168,143579,143567,2.3,25.1,minus,CCTGTGGTGGCGA
1-112979r,LinJ.02,86.957,23,259,356299,1,2,8,30,149615,149595,2.3,25.1,minus,GGCGGCGGCGCAC-G-CGCACAC
1-112979r,LinJ.02,100.000,13,259,356299,0,0,233,245,172240,172228,2.3,25.1,minus,TCAGCGGCCATGT
1-112979r,LinJ.02,100.000,12,259,356299,0,0,8,19,9353,9342,8.4,23.3,minus,GGCGGCGGCGCA
1-112979r,LinJ.02,100.000,12,259,356299,0,0,159,170,26784,26795,8.4,23.3,plus,GTGGTGGCGACC
1-112979r,LinJ.02,100.000,12,259,356299,0,0,8,19,40965,40954,8.4,23.3,minus,GGCGGCGGCGCA
1-112979r,LinJ.02,82.143,28,259,356299,4,1,6,32,54852,54825,8.4,23.3,minus,GAGGCGGCGGCCCACCCGATACTCACAC
1-112979r,LinJ.02,100.000,12,259,356299,0,0,130,141,66200,66189,8.4,23.3,minus,CGCCGTCCCGGC
1-112979r,LinJ.02,89.474,19,259,356299,0,2,6,22,66999,66981,8.4,23.3,minus,GAGGCGGCGGCGGCAGCAG
1-112979r,LinJ.02,100.000,12,259,356299,0,0,148,159,85772,85783,8.4,23.3,plus,CAGAACCACCTG
1-112979r,LinJ.02,100.000,12,259,356299,0,0,8,19,126178,126189,8.4,23.3,plus,GGCGGCGGCGCA
1-112979r,LinJ.02,100.000,12,259,356299,0,0,120,131,137259,137248,8.4,23.3,minus,CTCCTCCCTCCG
1-112979r,LinJ.02,100.000,12,259,356299,0,0,229,240,144081,144092,8.4,23.3,plus,GACGTCAGCGGC
1-112979r,LinJ.02,100.000,12,259,356299,0,0,193,204,181584,181595,8.4,23.3,plus,AGGGAGTGCCCC
1-112979r,LinJ.02,100.000,12,259,356299,0,0,6,17,184446,184435,8.4,23.3,minus,GAGGCGGCGGCG
1-112979r,LinJ.02,100.000,12,259,356299,0,0,122,133,186261,186272,8.4,23.3,plus,CCTCCCTCCGCC
1-112979r,LinJ.02,100.000,12,259,356299,0,0,9,20,256781,256792,8.4,23.3,plus,GCGGCGGCGCAC
1-112979r,LinJ.02,100.000,12,259,356299,0,0,122,133,319400,319411,8.4,23.3,plus,CCTCCCTCCGCC
1-112979r,LinJ.02,100.000,12,259,356299,0,0,205,216,338829,338840,8.4,23.3,plus,GGCAGAGCGCGA
1-112979r,LinJ.02,100.000,12,259,356299,0,0,7,18,354045,354034,8.4,23.3,minus,AGGCGGCGGCGC
1-129494r,LinJ.02,87.500,40,447,356299,3,2,289,328,16693,16730,3.19e-06,45.4,plus,TTGCGCCATCCATATGATGGGCA-A-CGCGCCAGCGCGGC
1-129494r,LinJ.02,87.500,40,447,356299,3,2,289,328,27504,27541,3.19e-06,45.4,plus,TTGCGCCATCCATATGATGGGCA-A-CGCGCCAGCGCGGC
1-129494r,LinJ.02,87.500,40,447,356299,3,2,289,328,89973,89936,3.19e-06,45.4,minus,TTGCGCCATCCATATGATGGGCA-A-CGCGCCAGCGCGGC
1-129494r,LinJ.02,87.500,40,447,356299,3,2,289,328,103408,103371,3.19e-06,45.4,minus,TTGCGCCATCCATATGATGGGCA-A-CGCGCCAGCGCGGC
1-129494r,LinJ.02,95.000,20,447,356299,0,1,417,436,201960,201942,0.089,30.7,minus,TCGGCGTTGGCGTGA-GGGA
1-129494r,LinJ.02,94.444,18,447,356299,1,0,123,140,166314,166331,0.32,28.8,plus,CCTCCGCCGTCCCTGCCC
1-129494r,LinJ.02,100.000,14,447,356299,0,0,416,429,25126,25139,1.2,27.0,plus,GTCGGCGTTGGCGT
1-129494r,LinJ.02,100.000,13,447,356299,0,0,119,131,122949,122937,4.2,25.1,minus,CCTCCCTCCGCCG
1-129494r,LinJ.02,90.000,20,447,356299,1,1,7,26,124985,125003,4.2,25.1,plus,CGGGGCGGCGGCGG-CAGAC
1-129494r,LinJ.02,93.750,16,447,356299,1,0,6,21,126174,126189,4.2,25.1,plus,ACGCGGCGGCGGCGCA
1-129494r,LinJ.02,86.957,23,447,356299,1,2,10,32,149615,149595,4.2,25.1,minus,GGCGGCGGCGCAC-G-CGCACAC
1-129494r,LinJ.02,100.000,13,447,356299,0,0,230,242,172240,172228,4.2,25.1,minus,TCAGCGGCCATGT
1-129494r,LinJ.02,100.000,13,447,356299,0,0,7,19,233820,233832,4.2,25.1,plus,CGGGGCGGCGGCG
1-129494r,LinJ.02,93.750,16,447,356299,1,0,335,350,235782,235797,4.2,25.1,plus,GCGTCGCGGCCGGCCC
1-129494r,LinJ.02,93.750,16,447,356299,1,0,5,20,257288,257273,4.2,25.1,minus,GACTGGGCGGCGGCGC
1-129494r,LinJ.02,93.750,16,447,356299,1,0,385,400,305214,305199,4.2,25.1,minus,CTGTGAAAGGGTTCTT
1-129494r,LinJ.02,100.000,13,447,356299,0,0,404,416,353264,353252,4.2,25.1,minus,GGCTGGCGTAGAG
1-136422d,LinJ.02,85.000,40,461,356299,4,2,303,342,16693,16730,1.54e-04,39.9,plus,TTGCGCCATCCATATGATGGGCA-A-CGCGCCAGCGCGGC
1-136422d,LinJ.02,85.000,40,461,356299,4,2,303,342,27504,27541,1.54e-04,39.9,plus,TTGCGCCATCCATATGATGGGCA-A-CGCGCCAGCGCGGC
1-136422d,LinJ.02,85.000,40,461,356299,4,2,303,342,89973,89936,1.54e-04,39.9,minus,TTGCGCCATCCATATGATGGGCA-A-CGCGCCAGCGCGGC
1-136422d,LinJ.02,85.000,40,461,356299,4,2,303,342,103408,103371,1.54e-04,39.9,minus,TTGCGCCATCCATATGATGGGCA-A-CGCGCCAGCGCGGC
1-136422d,LinJ.02,95.000,20,461,356299,0,1,431,450,201960,201942,0.092,30.7,minus,TCGGCGTTGGCGTGA-GGGA
1-136422d,LinJ.02,94.444,18,461,356299,1,0,137,154,166314,166331,0.33,28.8,plus,CCTCCGCCGTCCCTGCCC
1-136422d,LinJ.02,100.000,14,461,356299,0,0,430,443,25126,25139,1.2,27.0,plus,GTCGGCGTTGGCGT
1-136422d,LinJ.02,94.118,17,461,356299,1,0,8,24,79635,79651,1.2,27.0,plus,GGGGGGGGGCGGCGGCG
1-136422d,LinJ.02,100.000,14,461,356299,0,0,5,18,85388,85401,1.2,27.0,plus,GACGGGGTGGGGCG
1-136422d,LinJ.02,94.118,17,461,356299,1,0,8,24,233816,233832,1.2,27.0,plus,GGGGCGGGGCGGCGGCG
1-136422d,LinJ.02,100.000,14,461,356299,0,0,7,20,270750,270737,1.2,27.0,minus,CGGGGTGGGGCGGC
1-136422d,LinJ.02,93.750,16,461,356299,1,0,327,342,11569,11584,4.3,25.1,plus,AGCGCGTCAGCGCGGC
1-136422d,LinJ.02,100.000,13,461,356299,0,0,133,145,122949,122937,4.3,25.1,minus,CCTCCCTCCGCCG
1-136422d,LinJ.02,100.000,13,461,356299,0,0,244,256,172240,172228,4.3,25.1,minus,TCAGCGGCCATGT
1-136422d,LinJ.02,93.750,16,461,356299,1,0,349,364,235782,235797,4.3,25.1,plus,GCGTCGCGGCCGGCCC
1-136422d,LinJ.02,100.000,13,461,356299,0,0,418,430,353264,353252,4.3,25.1,minus,GGCTGGCGTAGAG
1-204526d,LinJ.02,85.000,40,432,356299,4,2,275,314,16693,16730,1.43e-04,39.9,plus,TTGCGCCATCCATATGATGGGCA-A-CGCGCCAGCGCGGC
1-204526d,LinJ.02,85.000,40,432,356299,4,2,275,314,27504,27541,1.43e-04,39.9,plus,TTGCGCCATCCATATGATGGGCA-A-CGCGCCAGCGCGGC
1-204526d,LinJ.02,85.000,40,432,356299,4,2,275,314,89973,89936,1.43e-04,39.9,minus,TTGCGCCATCCATATGATGGGCA-A-CGCGCCAGCGCGGC
1-204526d,LinJ.02,85.000,40,432,356299,4,2,275,314,103408,103371,1.43e-04,39.9,minus,TTGCGCCATCCATATGATGGGCA-A-CGCGCCAGCGCGGC
1-204526d,LinJ.02,95.238,21,432,356299,0,1,93,113,77659,77640,0.024,32.5,minus,CCCCCCCCC-CTCCTCCCTCC
1-204526d,LinJ.02,95.000,20,432,356299,0,1,403,422,201960,201942,0.086,30.7,minus,TCGGCGTTGGCGTGA-GGGA
1-204526d,LinJ.02,94.444,18,432,356299,1,0,109,126,166314,166331,0.31,28.8,plus,CCTCCGCCGTCCCTGCCC
1-204526d,LinJ.02,100.000,14,432,356299,0,0,402,415,25126,25139,1.1,27.0,plus,GTCGGCGTTGGCGT
1-204526d,LinJ.02,94.118,17,432,356299,1,0,7,23,79635,79651,1.1,27.0,plus,GGGGGGGGGCGGCGGCG
1-204526d,LinJ.02,100.000,14,432,356299,0,0,4,17,85388,85401,1.1,27.0,plus,GACGGGGTGGGGCG
1-204526d,LinJ.02,94.118,17,432,356299,1,0,7,23,233816,233832,1.1,27.0,plus,GGGGCGGGGCGGCGGCG
1-204526d,LinJ.02,100.000,14,432,356299,0,0,6,19,270750,270737,1.1,27.0,minus,CGGGGTGGGGCGGC
1-204526d,LinJ.02,93.750,16,432,356299,1,0,299,314,11569,11584,4.0,25.1,plus,AGCGCGTCAGCGCGGC
1-204526d,LinJ.02,100.000,13,432,356299,0,0,105,117,122949,122937,4.0,25.1,minus,CCTCCCTCCGCCG
1-204526d,LinJ.02,100.000,13,432,356299,0,0,216,228,172240,172228,4.0,25.1,minus,TCAGCGGCCATGT
1-204526d,LinJ.02,93.750,16,432,356299,1,0,321,336,235782,235797,4.0,25.1,plus,GCGTCGCGGCCGGCCC
1-204526d,LinJ.02,100.000,13,432,356299,0,0,390,402,353264,353252,4.0,25.1,minus,GGCTGGCGTAGAG
