1-24471d,LinJ.02,100.000,16,660,356299,0,0,449,464,21275,21290,0.13,30.7,plus,GTGTGTATGTGGGTGT
1-24471d,LinJ.02,100.000,15,660,356299,0,0,392,406,208628,208642,0.48,28.8,plus,GGAGGAGGTGGGGGG
1-24471d,LinJ.02,100.000,15,660,356299,0,0,480,494,216035,216049,0.48,28.8,plus,AGGAGCCGTGCTGCG
1-24471d,LinJ.02,100.000,15,660,356299,0,0,517,531,258602,258588,0.48,28.8,minus,GCAGCGCGCGTGTGT
1-24471d,LinJ.02,100.000,15,660,356299,0,0,95,109,268261,268275,0.48,28.8,plus,CGGCAGCCCCCTCAC
1-24471d,LinJ.02,100.000,15,660,356299,0,0,503,517,352182,352168,0.48,28.8,minus,GCCGGCGCACTGCTG
1-36305r,LinJ.02,100.000,16,621,356299,0,0,450,465,21275,21290,0.13,30.7,plus,GTGTGTATGTGGGTGT
1-36305r,LinJ.02,100.000,16,621,356299,0,0,392,407,208627,208642,0.13,30.7,plus,TGGAGGAGGTGGGGGG
1-36305r,LinJ.02,100.000,15,621,356299,0,0,481,495,216035,216049,0.45,28.8,plus,AGGAGCCGTGCTGCG
1-36305r,LinJ.02,100.000,15,621,356299,0,0,518,532,258602,258588,0.45,28.8,minus,GCAGCGCGCGTGTGT
1-36305r,LinJ.02,100.000,15,621,356299,0,0,96,110,268261,268275,0.45,28.8,plus,CGGCAGCCCCCTCAC
1-36305r,LinJ.02,100.000,15,621,356299,0,0,504,518,352182,352168,0.45,28.8,minus,GCCGGCGCACTGCTG
1-55910r,LinJ.02,100.000,16,650,356299,0,0,439,454,21275,21290,0.13,30.7,plus,GTGTGTATGTGGGTGT
1-55910r,LinJ.02,100.000,15,650,356299,0,0,382,396,208628,208642,0.47,28.8,plus,GGAGGAGGTGGGGGG
1-55910r,LinJ.02,100.000,15,650,356299,0,0,507,521,258602,258588,0.47,28.8,minus,GCAGCGCGCGTGTGT
1-55910r,LinJ.02,100.000,15,650,356299,0,0,85,99,268261,268275,0.47,28.8,plus,CGGCAGCCCCCTCAC
1-55910r,LinJ.02,100.000,15,650,356299,0,0,493,507,352182,352168,0.47,28.8,minus,GCCGGCGCACTGCTG
1-129494r,LinJ.02,87.500,40,447,356299,3,2,289,328,16693,16730,3.19e-06,45.4,plus,TTGCGCCATCCATATGATGGGCA-A-CGCGCCAGCGCGGC
1-129494r,LinJ.02,87.500,40,447,356299,3,2,289,328,27504,27541,3.19e-06,45.4,plus,TTGCGCCATCCATATGATGGGCA-A-CGCGCCAGCGCGGC
1-129494r,LinJ.02,87.500,40,447,356299,3,2,289,328,89973,89936,3.19e-06,45.4,minus,TTGCGCCATCCATATGATGGGCA-A-CGCGCCAGCGCGGC
1-129494r,LinJ.02,87.500,40,447,356299,3,2,289,328,103408,103371,3.19e-06,45.4,minus,TTGCGCCATCCATATGATGGGCA-A-CGCGCCAGCGCGGC
1-129494r,LinJ.02,95.000,20,447,356299,0,1,417,436,201960,201942,0.089,30.7,minus,TCGGCGTTGGCGTGA-GGGA
1-136422d,LinJ.02,85.000,40,461,356299,4,2,303,342,16693,16730,1.54e-04,39.9,plus,TTGCGCCATCCATATGATGGGCA-A-CGCGCCAGCGCGGC
1-136422d,LinJ.02,85.000,40,461,356299,4,2,303,342,27504,27541,1.54e-04,39.9,plus,TTGCGCCATCCATATGATGGGCA-A-CGCGCCAGCGCGGC
1-136422d,LinJ.02,85.000,40,461,356299,4,2,303,342,89973,89936,1.54e-04,39.9,minus,TTGCGCCATCCATATGATGGGCA-A-CGCGCCAGCGCGGC
1-136422d,LinJ.02,85.000,40,461,356299,4,2,303,342,103408,103371,1.54e-04,39.9,minus,TTGCGCCATCCATATGATGGGCA-A-CGCGCCAGCGCGGC
1-136422d,LinJ.02,95.000,20,461,356299,0,1,431,450,201960,201942,0.092,30.7,minus,TCGGCGTTGGCGTGA-GGGA
1-204526d,LinJ.02,85.000,40,432,356299,4,2,275,314,16693,16730,1.43e-04,39.9,plus,TTGCGCCATCCATATGATGGGCA-A-CGCGCCAGCGCGGC
1-204526d,LinJ.02,85.000,40,432,356299,4,2,275,314,27504,27541,1.43e-04,39.9,plus,TTGCGCCATCCATATGATGGGCA-A-CGCGCCAGCGCGGC
1-204526d,LinJ.02,85.000,40,432,356299,4,2,275,314,89973,89936,1.43e-04,39.9,minus,TTGCGCCATCCATATGATGGGCA-A-CGCGCCAGCGCGGC
1-204526d,LinJ.02,85.000,40,432,356299,4,2,275,314,103408,103371,1.43e-04,39.9,minus,TTGCGCCATCCATATGATGGGCA-A-CGCGCCAGCGCGGC
1-204526d,LinJ.02,95.000,20,432,356299,0,1,403,422,201960,201942,0.086,30.7,minus,TCGGCGTTGGCGTGA-GGGA
